{
    "mean": [
        0.8675819039344788,
        0.9911192655563354,
        0.8675819039344788
    ],
    "std": [
        0.3242124915122986,
        0.035853371024131775,
        0.3242124915122986
    ]
}