{
    "mean": [
        0.8576046824455261,
        0.9898070096969604,
        0.8576046824455261
    ],
    "std": [
        0.3346951901912689,
        0.0391424335539341,
        0.3346951901912689
    ]
}
